{
  "val": {
    "accuracy": 0.8228571428571428,
    "macro_f1": 0.8881407892947459
  },
  "test": {
    "accuracy": 0.88,
    "macro_f1": 0.9238144474070347
  }
}