{
  "val": {
    "accuracy": 0.05714285714285714,
    "macro_f1": 0.003003003003003003
  },
  "test": {
    "accuracy": 0.05714285714285714,
    "macro_f1": 0.003003003003003003
  }
}