{
  "best_C": 2.0,
  "val": {
    "accuracy": 0.9,
    "macro_f1": 0.9356976162906252,
    "top1": 0.9,
    "top3": 0.9771428571428571
  },
  "test": {
    "accuracy": 0.8857142857142857,
    "macro_f1": 0.9242366855602149,
    "top1": 0.8857142857142857,
    "top3": 0.9742857142857143
  }
}